m-sp,09d936e2-7a3d-4bc7-b35c-fad074816037,My little percussion set,https://api.openverse.org/v1/images/09d936e2-7a3d-4bc7-b35c-fad074816037/thumb/,https://www.flickr.com/photos/34026361@N00/100765359,https://live.staticflickr.com/29/100765359_d943313c67_b.jpg,by-nc-nd,2.0,https://creativecommons.org/licenses/by-nc-nd/2.0/,Freeariello
m-sp,7493ebb0-f1b6-4e65-9cac-7e706c679e52,Percussion for The Mikado,https://api.openverse.org/v1/images/7493ebb0-f1b6-4e65-9cac-7e706c679e52/thumb/,https://www.flickr.com/photos/14812197@N00/4433817763,https://live.staticflickr.com/4052/4433817763_909c415180_b.jpg,by,2.0,https://creativecommons.org/licenses/by/2.0/,vxla
is-p,91697ec6-1ddb-44f0-863d-e104e0df0abb,Percussion Ensemble and Sax Quartet 12-6-10 (11),https://api.openverse.org/v1/images/91697ec6-1ddb-44f0-863d-e104e0df0abb/thumb/,https://www.flickr.com/photos/26885936@N02/5264379432,https://live.staticflickr.com/5169/5264379432_25ce0e13ed_b.jpg,by-nc-sa,2.0,https://creativecommons.org/licenses/by-nc-sa/2.0/,dickinsonstate
m-sp,f95d7e5a-8d48-4c70-8441-e36e143b075d,"Cymbals, musical percussion instrument illustration",https://api.openverse.org/v1/images/f95d7e5a-8d48-4c70-8441-e36e143b075d/thumb/,https://www.rawpixel.com/image/6261934/image-vintage-public-domain-art,https://images.rawpixel.com/editor_1024/czNmcy1wcml2YXRlL3Jhd3BpeGVsX2ltYWdlcy93ZWJzaXRlX2NvbnRlbnQvam9iNjY2LTE4Ni14LmpwZw.jpg,cc0,1.0,https://creativecommons.org/publicdomain/zero/1.0/,
m-sp,fd513b9e-9ca4-4e3f-80ce-c57226e4dd53,Percussion,https://api.openverse.org/v1/images/fd513b9e-9ca4-4e3f-80ce-c57226e4dd53/thumb/,https://www.flickr.com/photos/39339015@N08/4329307715,https://live.staticflickr.com/4070/4329307715_6dd68a5e86_b.jpg,by,2.0,https://creativecommons.org/licenses/by/2.0/,Newsbie Pix
m-sp,23e779b6-252a-4ab2-8d2d-1976ee00792d,2024 OIPA Marion Harding - Avon Lake Indoor Percussion,https://api.openverse.org/v1/images/23e779b6-252a-4ab2-8d2d-1976ee00792d/thumb/,https://www.flickr.com/photos/160471625@N08/53607361012,https://live.staticflickr.com/65535/53607361012_b66be68024_b.jpg,by-nc-sa,2.0,https://creativecommons.org/licenses/by-nc-sa/2.0/,kevingamin
m-sp,c44998e3-1022-4a5f-b73a-3118c4152871,Dark Sky Percussion,https://api.openverse.org/v1/images/c44998e3-1022-4a5f-b73a-3118c4152871/thumb/,https://www.flickr.com/photos/185158365@N06/49740496353,https://live.staticflickr.com/65535/49740496353_299dec930a_b.jpg,by-nc-sa,2.0,https://creativecommons.org/licenses/by-nc-sa/2.0/,thatonedesigner
m-sp,e138f02d-b79e-42d2-82fe-4a85bcf7d3b1,drumset and percussion,https://api.openverse.org/v1/images/e138f02d-b79e-42d2-82fe-4a85bcf7d3b1/thumb/,https://www.flickr.com/photos/46399740@N00/1781313367,https://live.staticflickr.com/2242/1781313367_1423e5affd_b.jpg,by-nc-nd,2.0,https://creativecommons.org/licenses/by-nc-nd/2.0/,Jeffrey Simms Photography
m-si,e0b27cf2-5ad6-4bed-b107-23bec9e19649,Music,https://api.openverse.org/v1/images/e0b27cf2-5ad6-4bed-b107-23bec9e19649/thumb/,https://www.flickr.com/photos/54771619@N05/6770194531,https://live.staticflickr.com/7150/6770194531_d5e2bcb1d9_b.jpg,by,2.0,https://creativecommons.org/licenses/by/2.0/,UnnarYmir
m-si,1a2528e0-023c-41d1-baeb-41e144f5d6ab,Bonesiii's Lego Musical Instruments (in LDD),https://api.openverse.org/v1/images/1a2528e0-023c-41d1-baeb-41e144f5d6ab/thumb/,https://www.flickr.com/photos/42988571@N08/8341138873,https://live.staticflickr.com/8493/8341138873_2bf3154d02_b.jpg,by,2.0,https://creativecommons.org/licenses/by/2.0/,dluders
m-si,ffcd8f57-0652-4764-be9a-e40adde5a6d3,instruments in our music class,https://api.openverse.org/v1/images/ffcd8f57-0652-4764-be9a-e40adde5a6d3/thumb/,https://www.flickr.com/photos/8542711@N08/4269052283,https://live.staticflickr.com/4004/4269052283_831e5f0dcb_b.jpg,by-nc-sa,2.0,https://creativecommons.org/licenses/by-nc-sa/2.0/,rosipaw
m-si,0420fb1c-fba8-494e-a2a5-790a0fa8986a,C scale notation over musical staff,https://api.openverse.org/v1/images/0420fb1c-fba8-494e-a2a5-790a0fa8986a/thumb/,https://www.flickr.com/photos/10361931@N06/4326848381,https://live.staticflickr.com/2770/4326848381_fc1e3bac63_b.jpg,by,2.0,https://creativecommons.org/licenses/by/2.0/,Horia Varlan
m-m,b3c0ba0f-2428-40d1-a94a-ba6d8bdeb51d,ROXY MUSIC,https://api.openverse.org/v1/images/b3c0ba0f-2428-40d1-a94a-ba6d8bdeb51d/thumb/,https://www.flickr.com/photos/58820009@N05/5476751798,https://live.staticflickr.com/5091/5476751798_660a441c90_b.jpg,by-sa,2.0,https://creativecommons.org/licenses/by-sa/2.0/,Eva Rinaldi Celebrity Photographer
m-m,1143ee5d-c421-4f61-abd8-1ffe86ebaa73,Instrumental Music,https://api.openverse.org/v1/images/1143ee5d-c421-4f61-abd8-1ffe86ebaa73/thumb/,https://www.flickr.com/photos/38115978@N04/8380957206,https://live.staticflickr.com/8514/8380957206_23bb62bdbd_b.jpg,by-nc-nd,2.0,https://creativecommons.org/licenses/by-nc-nd/2.0/,Newman University
m-m,bbef5124-3a0c-46fb-9018-a7bdb12ecc7b,belper music festival 2006,https://api.openverse.org/v1/images/bbef5124-3a0c-46fb-9018-a7bdb12ecc7b/thumb/,https://www.flickr.com/photos/17421241@N00/2584814562,https://live.staticflickr.com/3279/2584814562_c1a79e36f1_b.jpg,by-sa,2.0,https://creativecommons.org/licenses/by-sa/2.0/,star-one
m-m,482141d0-2f08-40fb-ae49-09ff0884cb44,ROXY MUSIC,https://api.openverse.org/v1/images/482141d0-2f08-40fb-ae49-09ff0884cb44/thumb/,https://www.flickr.com/photos/58820009@N05/5476686756,https://live.staticflickr.com/5251/5476686756_0034f83701_b.jpg,by-sa,2.0,https://creativecommons.org/licenses/by-sa/2.0/,Eva Rinaldi Celebrity Photographer
m-si,ab8f5434-51a1-46a1-8445-0dc22859c734,Music: Most potent and popular language,https://api.openverse.org/v1/images/ab8f5434-51a1-46a1-8445-0dc22859c734/thumb/,https://www.flickr.com/photos/11747230@N05/15008099907,https://live.staticflickr.com/3902/15008099907_3acc1d6efa_b.jpg,by-nc,2.0,https://creativecommons.org/licenses/by-nc/2.0/,Jyothiprasad Buddha
m-m,3f102d77-79da-4d8d-b603-56e1fdfd8a4e,Rainforest World Music Festival - Kelapang Kelabit Bamboo Band,https://api.openverse.org/v1/images/3f102d77-79da-4d8d-b603-56e1fdfd8a4e/thumb/,https://www.flickr.com/photos/87245810@N00/858813392,https://live.staticflickr.com/1168/858813392_6c361d1645_b.jpg,by-nc-sa,2.0,https://creativecommons.org/licenses/by-nc-sa/2.0/,flykr
m-si,e236121e-9e12-41a9-84cc-c6256ae07301,The world's most famous and popular language is music... Psy,https://api.openverse.org/v1/images/e236121e-9e12-41a9-84cc-c6256ae07301/thumb/,https://www.flickr.com/photos/33363480@N05/15456683787,https://live.staticflickr.com/5616/15456683787_5ea9e72736_b.jpg,by,2.0,https://creativecommons.org/licenses/by/2.0/,Nick Kenrick..
is-k,3ae73f98-6e40-4566-bb78-68422df65385,Music,https://api.openverse.org/v1/images/3ae73f98-6e40-4566-bb78-68422df65385/thumb/,https://www.flickr.com/photos/33021784@N04/3080138408,https://live.staticflickr.com/3282/3080138408_d22af93a86_b.jpg,by-nc-nd,2.0,https://creativecommons.org/licenses/by-nc-nd/2.0/,Paradox 56
is-k,4d01bdb8-7bfb-449a-b703-c883a1e62b7a,Music,https://api.openverse.org/v1/images/4d01bdb8-7bfb-449a-b703-c883a1e62b7a/thumb/,https://www.flickr.com/photos/54771619@N05/6770193873,https://live.staticflickr.com/7018/6770193873_a9975f9b8d_b.jpg,pdm,1.0,https://creativecommons.org/publicdomain/mark/1.0/,UnnarYmir
is-k,06d1bb7e-7f90-4ae1-bd31-659f17829022,Jan Steen - A Young Woman Playing a Harpsichord to a Young Man [c.1659],https://api.openverse.org/v1/images/06d1bb7e-7f90-4ae1-bd31-659f17829022/thumb/,https://www.flickr.com/photos/45482849@N03/8008418503,https://live.staticflickr.com/8173/8008418503_c22e5414f5_b.jpg,by-nc-sa,2.0,https://creativecommons.org/licenses/by-nc-sa/2.0/,Gandalf's Gallery
is-k,a4e2fe14-c0cb-47a1-9ed5-4345d5819e2f,Harpsichord I,https://api.openverse.org/v1/images/a4e2fe14-c0cb-47a1-9ed5-4345d5819e2f/thumb/,https://www.flickr.com/photos/78346228@N00/2430815296,https://live.staticflickr.com/2133/2430815296_50be86082a_b.jpg,by-nc,2.0,https://creativecommons.org/licenses/by-nc/2.0/,mgermani
is-k,e7c198b6-1d83-4d9b-a5c5-805d3c1389e4,Harpsichord,https://api.openverse.org/v1/images/e7c198b6-1d83-4d9b-a5c5-805d3c1389e4/thumb/,https://www.flickr.com/photos/41894170049@N01/14018833612,https://live.staticflickr.com/5150/14018833612_66e660733b_b.jpg,by,2.0,https://creativecommons.org/licenses/by/2.0/,andrewmalone
is-k,cf47d424-16ae-4e0a-b4b3-9056f11b7848,Harpsichord Hands,https://api.openverse.org/v1/images/cf47d424-16ae-4e0a-b4b3-9056f11b7848/thumb/,https://www.flickr.com/photos/15302763@N04/3441461157,https://live.staticflickr.com/3598/3441461157_fae5cdab72_b.jpg,by-sa,2.0,https://creativecommons.org/licenses/by-sa/2.0/,alexanderward12
is-k,d06c661e-0b1d-4d5a-90fe-4233e031c7b9,Harpsichord 1980,https://api.openverse.org/v1/images/d06c661e-0b1d-4d5a-90fe-4233e031c7b9/thumb/,https://commons.wikimedia.org/w/index.php?curid=65511,https://upload.wikimedia.org/wikipedia/commons/0/0e/Harpsichord_1980.JPG,by-sa,3.0,https://creativecommons.org/licenses/by-sa/3.0/,
is-k,4f0b09b6-3966-4193-8dfe-c9e77e926505,"Jos van Immerseel playing the Dulcken harpsichord (Vleeshuis Museum, c.1974)",https://api.openverse.org/v1/images/4f0b09b6-3966-4193-8dfe-c9e77e926505/thumb/,https://commons.wikimedia.org/w/index.php?curid=54051964,https://upload.wikimedia.org/wikipedia/commons/1/11/Jos_van_Immerseel_playing_the_Dulcken_harpsichord_%28Vleeshuis_Museum%2C_c.1974%29.jpg,by-sa,4.0,https://creativecommons.org/licenses/by-sa/4.0/,Museum Vleeshuis
m-m,3a98cb46-9e61-4f7f-8eea-687295fdd55d,Zambra Mora,https://api.openverse.org/v1/images/3a98cb46-9e61-4f7f-8eea-687295fdd55d/thumb/,https://www.flickr.com/photos/52307583@N00/1248215737,https://live.staticflickr.com/1014/1248215737_e38ff699de_b.jpg,by-nc-nd,2.0,https://creativecommons.org/licenses/by-nc-nd/2.0/,little-phoenix
m-sp,68b41f6f-c5a9-4ad2-ba18-e023a7cc82b2,Prem drumming in the studio,https://api.openverse.org/v1/images/68b41f6f-c5a9-4ad2-ba18-e023a7cc82b2/thumb/,https://www.flickr.com/photos/51939941@N00/18680466,https://live.staticflickr.com/12/18680466_b797f80276_b.jpg,by-nc-sa,2.0,https://creativecommons.org/licenses/by-nc-sa/2.0/,Roshnii
m-sp,172fda84-017a-475c-90e3-c5dd17443653,Oswestry Music Live 2008 Phil on the Drums Total Chaos,https://api.openverse.org/v1/images/172fda84-017a-475c-90e3-c5dd17443653/thumb/,https://www.flickr.com/photos/43864010@N00/2693466454,https://live.staticflickr.com/3232/2693466454_a4f991026a_b.jpg,by-nc-nd,2.0,https://creativecommons.org/licenses/by-nc-nd/2.0/,Chris Brookes Oswestry
m-sp,5375fc4f-11f4-4331-8c96-096883a4dc56,Tennessee Thomas of The Like @ Downtown Music Studios,https://api.openverse.org/v1/images/5375fc4f-11f4-4331-8c96-096883a4dc56/thumb/,https://www.flickr.com/photos/7774088@N08/4524272246,https://live.staticflickr.com/2539/4524272246_c44ff9918b_b.jpg,by,2.0,https://creativecommons.org/licenses/by/2.0/,@MSG
m-sp,834bf125-ccd1-4626-b476-e7a3b6ee78c5,©s._fitzstephens_2006©- iggy deth -perc./DR./Batterie - mark_truthe - http://rateyourmusic.com/artist/mark_truthe_and_the_liars - punk punk rock LegaL Tender RehearsaL Studios- mark truthe & the LiARS,https://api.openverse.org/v1/images/834bf125-ccd1-4626-b476-e7a3b6ee78c5/thumb/,https://www.flickr.com/photos/30918983@N00/307622307,https://live.staticflickr.com/112/307622307_4b8883efd6.jpg,by-nc-nd,2.0,https://creativecommons.org/licenses/by-nc-nd/2.0/,s76fitz
m-si,735ae692-a888-4201-8d17-ddde65957e8d,Recording Studio at the Lamont School of Music,https://api.openverse.org/v1/images/735ae692-a888-4201-8d17-ddde65957e8d/thumb/,https://www.flickr.com/photos/38106254@N05/4315013702,https://live.staticflickr.com/2735/4315013702_d20acb282a_b.jpg,by-nc-sa,2.0,https://creativecommons.org/licenses/by-nc-sa/2.0/,University of Denver
m-si,60503ed8-0f2b-48a9-8751-d343eb05126a,In Modern Music Studio,https://api.openverse.org/v1/images/60503ed8-0f2b-48a9-8751-d343eb05126a/thumb/,https://www.flickr.com/photos/155403590@N07/47459579411,https://live.staticflickr.com/7822/47459579411_7c5e43cb99_b.jpg,by,2.0,https://creativecommons.org/licenses/by/2.0/,dejankrsmanovic
m-si,de037ec3-9930-4a1f-b9bb-2927754d77e0,"Ottmar plays 'La Luna' @ Universal Studio Citywalks, Florida",https://api.openverse.org/v1/images/de037ec3-9930-4a1f-b9bb-2927754d77e0/thumb/,https://www.flickr.com/photos/15827359@N00/3116235,https://live.staticflickr.com/2/3116235_34b987b4ef.jpg,by-sa,2.0,https://creativecommons.org/licenses/by-sa/2.0/,salma1
m-si,81ba71ce-74d6-4a7c-b286-b86c4110ae64,Day 37 - Light Music,https://api.openverse.org/v1/images/81ba71ce-74d6-4a7c-b286-b86c4110ae64/thumb/,https://www.flickr.com/photos/49472850@N00/3846644720,https://live.staticflickr.com/2460/3846644720_bebb0d4691.jpg,by-nc-nd,2.0,https://creativecommons.org/licenses/by-nc-nd/2.0/,royalconstantinesociety
m-si,147e5b4a-9b53-41ad-8080-dd56546115f3,365 x5 Strumming this old guitar,https://api.openverse.org/v1/images/147e5b4a-9b53-41ad-8080-dd56546115f3/thumb/,https://www.flickr.com/photos/25652278@N03/3594830876,https://live.staticflickr.com/3353/3594830876_6e0bcfe5ee_b.jpg,by,2.0,https://creativecommons.org/licenses/by/2.0/,David Masters
m-si,0d65b91a-f4ec-4628-9d2f-3d35dcf71781,Banjo Music,https://api.openverse.org/v1/images/0d65b91a-f4ec-4628-9d2f-3d35dcf71781/thumb/,https://www.flickr.com/photos/23813062@N08/5662406757,https://live.staticflickr.com/5022/5662406757_544198a2e4_b.jpg,by-nc-nd,2.0,https://creativecommons.org/licenses/by-nc-nd/2.0/,mgstanton
m-si,533c29bd-d781-431f-9dc3-efb952717323,In The Studio,https://api.openverse.org/v1/images/533c29bd-d781-431f-9dc3-efb952717323/thumb/,https://www.flickr.com/photos/33696393@N00/3272379879,https://live.staticflickr.com/3330/3272379879_2e0e501d26_b.jpg,by-nc-sa,2.0,https://creativecommons.org/licenses/by-nc-sa/2.0/,rutt
m-si,80fa6e48-37ce-4daf-b122-ab585bbf4b9f,20200904 Piano+Trumpet@Staccato Studio-236.jpg,https://api.openverse.org/v1/images/80fa6e48-37ce-4daf-b122-ab585bbf4b9f/thumb/,https://www.flickr.com/photos/49798735@N00/50306004378,https://live.staticflickr.com/65535/50306004378_f2d6d46115_b.jpg,by-nc-sa,2.0,https://creativecommons.org/licenses/by-nc-sa/2.0/,horngyih
m-si,66d7fd19-9dd3-4382-87a7-ab29e70dea09,Recording a bass mandolin part in Tom's home studio,https://api.openverse.org/v1/images/66d7fd19-9dd3-4382-87a7-ab29e70dea09/thumb/,https://www.flickr.com/photos/59088126@N00/5838480620,https://live.staticflickr.com/2493/5838480620_579f7e4fb4_b.jpg,by-sa,2.0,https://creativecommons.org/licenses/by-sa/2.0/,Lorenzo's Music
m-si,f8685183-b891-4458-a7f4-9a45225f3de6,Kresimir Kastelan Bass Studio,https://api.openverse.org/v1/images/f8685183-b891-4458-a7f4-9a45225f3de6/thumb/,https://commons.wikimedia.org/w/index.php?curid=82664596,https://upload.wikimedia.org/wikipedia/commons/b/bb/Kresimir_Kastelan_Bass_Studio.jpg,by-sa,4.0,https://creativecommons.org/licenses/by-sa/4.0/,Krešimir Kaštelan
is-p,2f9f14d4-b616-42d6-9c26-1f139e3ba927,Free drum set image,https://api.openverse.org/v1/images/2f9f14d4-b616-42d6-9c26-1f139e3ba927/thumb/,https://www.rawpixel.com/image/5923511/photo-image-public-domain-art-student,https://images.rawpixel.com/editor_1024/czNmcy1wcml2YXRlL3Jhd3BpeGVsX2ltYWdlcy93ZWJzaXRlX2NvbnRlbnQvbHIvcHgxNTY2MDU1LWltYWdlLWt3dnh2anhtLmpwZw.jpg,cc0,1.0,https://creativecommons.org/publicdomain/zero/1.0/,
is-p,5d4b421b-3ec7-46b8-a554-8197f7116f0d,Free hand drum image,https://api.openverse.org/v1/images/5d4b421b-3ec7-46b8-a554-8197f7116f0d/thumb/,https://www.rawpixel.com/image/5903594/photo-image-white-background-public-domain-hand,https://images.rawpixel.com/editor_1024/czNmcy1wcml2YXRlL3Jhd3BpeGVsX2ltYWdlcy93ZWJzaXRlX2NvbnRlbnQvbHIvcHg5ODIzNjQtaW1hZ2Uta3d2dXFkejEuanBn.jpg,cc0,1.0,https://creativecommons.org/publicdomain/zero/1.0/,
m-sp,0f90a9d5-4ded-43df-8645-19bca0ef87c1,Sergey recording percussion,https://api.openverse.org/v1/images/0f90a9d5-4ded-43df-8645-19bca0ef87c1/thumb/,https://www.flickr.com/photos/80849382@N00/3454016312,https://live.staticflickr.com/3303/3454016312_9cfd6025e9_b.jpg,by-nc,2.0,https://creativecommons.org/licenses/by-nc/2.0/,Mourner
m-sp,9886fae5-dd45-4f44-9f14-b2df765e6f6a,Die Felsen im Studio,https://api.openverse.org/v1/images/9886fae5-dd45-4f44-9f14-b2df765e6f6a/thumb/,https://www.flickr.com/photos/89089405@N00/5310794426,https://live.staticflickr.com/5126/5310794426_3b58ca7e95_b.jpg,by,2.0,https://creativecommons.org/licenses/by/2.0/,Scy83
m-sp,e34fecea-aeec-4804-a149-61d1250c29d4,george tracking percussion,https://api.openverse.org/v1/images/e34fecea-aeec-4804-a149-61d1250c29d4/thumb/,https://www.flickr.com/photos/99505705@N00/210032048,https://live.staticflickr.com/84/210032048_c32e3cb8cf.jpg,by-nc,2.0,https://creativecommons.org/licenses/by-nc/2.0/,jodimarr
is-p,f99542aa-51e6-4e86-835d-304dd40afc39,Me hit drum.,https://api.openverse.org/v1/images/f99542aa-51e6-4e86-835d-304dd40afc39/thumb/,https://www.flickr.com/photos/35468152162@N01/8746462,https://live.staticflickr.com/7/8746462_b6e4bdd20e_b.jpg,by-nc,2.0,https://creativecommons.org/licenses/by-nc/2.0/,fidothe
is-p,e71a9b42-4142-4131-a3f4-32391264faa7,beat of a different drum,https://api.openverse.org/v1/images/e71a9b42-4142-4131-a3f4-32391264faa7/thumb/,https://www.flickr.com/photos/23307937@N04/8346502791,https://live.staticflickr.com/8044/8346502791_5bf76c53a2_b.jpg,by,2.0,https://creativecommons.org/licenses/by/2.0/,frankieleon
is-p,8bf0f6e4-cd78-446d-8306-3b7d0f296dce,hit me,https://api.openverse.org/v1/images/8bf0f6e4-cd78-446d-8306-3b7d0f296dce/thumb/,https://www.flickr.com/photos/77125591@N04/7408823122,https://live.staticflickr.com/5332/7408823122_067357a5f3_b.jpg,by,2.0,https://creativecommons.org/licenses/by/2.0/,A.J.85
fx-el,3b5b22b7-1c54-4509-ad2f-ef5c09de454d,Circuit of piezo speakers/ drum machine,https://api.openverse.org/v1/images/3b5b22b7-1c54-4509-ad2f-ef5c09de454d/thumb/,https://www.flickr.com/photos/9898876@N06/3766628171,https://live.staticflickr.com/3452/3766628171_df0d634a46_b.jpg,by-nc,2.0,https://creativecommons.org/licenses/by-nc/2.0/,Lucky Larry
is-p,9197a8cc-56ba-4f11-a793-9974f72ef1ad,Hit It!,https://api.openverse.org/v1/images/9197a8cc-56ba-4f11-a793-9974f72ef1ad/thumb/,https://www.flickr.com/photos/49007814@N03/8531835983,https://live.staticflickr.com/8109/8531835983_e65a83be08_b.jpg,by,2.0,https://creativecommons.org/licenses/by/2.0/,Alex Holyoake
is-w,2add902c-d7f3-4872-8f77-5ee2f459a00c,Some wind instruments,https://api.openverse.org/v1/images/2add902c-d7f3-4872-8f77-5ee2f459a00c/thumb/,https://www.flickr.com/photos/36679351@N00/12105672,https://live.staticflickr.com/8/12105672_0dcdb144be_b.jpg,by-nc,2.0,https://creativecommons.org/licenses/by-nc/2.0/,Jon Delorey
fx-ex,9662ea42-bec0-447f-86d8-a8592b33ab93,solar cats with wind instruments serenade the Moon,https://api.openverse.org/v1/images/9662ea42-bec0-447f-86d8-a8592b33ab93/thumb/,https://www.flickr.com/photos/25559122@N06/4408207906,https://live.staticflickr.com/2802/4408207906_9b35b07405.jpg,by,2.0,https://creativecommons.org/licenses/by/2.0/,sammydavisdog
is-w,d5e7ff3a-3a72-472d-b4f7-50ac57825bdc,Christmas Flute #flute #music #instrument #bw #blackandwhite,https://api.openverse.org/v1/images/d5e7ff3a-3a72-472d-b4f7-50ac57825bdc/thumb/,https://www.flickr.com/photos/56145589@N00/11559624373,https://live.staticflickr.com/7319/11559624373_18395561a6.jpg,by,2.0,https://creativecommons.org/licenses/by/2.0/,brendan-c
is-w,52eeb1b1-b840-4eaa-a9e9-77fea56bbb3e,File:Mark Seelig Bansuri Flute Indian wind instruments music.jpg,https://api.openverse.org/v1/images/52eeb1b1-b840-4eaa-a9e9-77fea56bbb3e/thumb/,https://commons.wikimedia.org/w/index.php?curid=54342368,https://upload.wikimedia.org/wikipedia/commons/3/33/Mark_Seelig_Bansuri_Flute_Indian_wind_instruments_music.jpg,by,2.0,https://creativecommons.org/licenses/by/2.0/,Sam Howzit
is-w,44a5fb94-2bf8-4197-a729-86dcf7c4822c,Flute Music Instrument Played Wind Edited 2020,https://api.openverse.org/v1/images/44a5fb94-2bf8-4197-a729-86dcf7c4822c/thumb/,https://www.flickr.com/photos/186095195@N02/49404758866,https://live.staticflickr.com/65535/49404758866_cdb3238206_b.jpg,by,2.0,https://creativecommons.org/licenses/by/2.0/,chocolatedazzles
is-w,d0a3433e-9c74-4827-b19d-4c19cae633b2,Clarinet,https://api.openverse.org/v1/images/d0a3433e-9c74-4827-b19d-4c19cae633b2/thumb/,https://www.flickr.com/photos/10710442@N08/4031420131,https://live.staticflickr.com/3497/4031420131_27d27e4969_b.jpg,by,2.0,https://creativecommons.org/licenses/by/2.0/,Steve Snodgrass
is-s,234eb523-77e6-402a-b2c2-64dfb78a6721,Weird stringed instruments,https://api.openverse.org/v1/images/234eb523-77e6-402a-b2c2-64dfb78a6721/thumb/,https://www.flickr.com/photos/12176869@N00/23718425906,https://live.staticflickr.com/5713/23718425906_0d1b65be17_b.jpg,by,2.0,https://creativecommons.org/licenses/by/2.0/,David Hilowitz
is-w,817fd208-f411-40be-93e7-b3e658a70763,Other weird and wonderful instruments created by Mr Sax,https://api.openverse.org/v1/images/817fd208-f411-40be-93e7-b3e658a70763/thumb/,https://www.flickr.com/photos/82062408@N05/14327177821,https://live.staticflickr.com/2928/14327177821_80e89b8582_b.jpg,by,2.0,https://creativecommons.org/licenses/by/2.0/,jeremySO
ss-s,a6e7c570-8807-45e5-b240-3c0956f97e98,Hubble Peers at Peculiar Pair of Galaxies,https://api.openverse.org/v1/images/a6e7c570-8807-45e5-b240-3c0956f97e98/thumb/,https://www.flickr.com/photos/28634332@N05/51965786522,https://live.staticflickr.com/65535/51965786522_79aecc40cf_b.jpg,by-nc,2.0,https://creativecommons.org/licenses/by-nc/2.0/,NASA's Marshall Space Flight Center
fx-ex,cd130e18-4a88-4e9b-84d0-cb19d61c8dff,DinoAxe,https://api.openverse.org/v1/images/cd130e18-4a88-4e9b-84d0-cb19d61c8dff/thumb/,https://www.flickr.com/photos/14898247@N04/4368830651,https://live.staticflickr.com/4006/4368830651_c1035df46b_b.jpg,by,2.0,https://creativecommons.org/licenses/by/2.0/,rarebeasts
ss-n,db0bb13b-37f8-4eb0-956a-cd250a69f742,Forest,https://api.openverse.org/v1/images/db0bb13b-37f8-4eb0-956a-cd250a69f742/thumb/,https://www.flickr.com/photos/18090920@N07/6342367988,https://live.staticflickr.com/6223/6342367988_09512bcaaa_b.jpg,by,2.0,https://creativecommons.org/licenses/by/2.0/,Sean MacEntee
ss-n,760e53bd-6f17-4a13-b231-706f7677ab4b,Forest,https://api.openverse.org/v1/images/760e53bd-6f17-4a13-b231-706f7677ab4b/thumb/,https://www.flickr.com/photos/41894170049@N01/810572442,https://live.staticflickr.com/1083/810572442_8a1e04fcbc_b.jpg,by,2.0,https://creativecommons.org/licenses/by/2.0/,andrewmalone
ss-n,3336f46d-bf7a-4f6e-8690-676311144e41,Forest in mist,https://api.openverse.org/v1/images/3336f46d-bf7a-4f6e-8690-676311144e41/thumb/,https://www.flickr.com/photos/90649494@N05/15480152940,https://live.staticflickr.com/7575/15480152940_9e4a2f1b00_b.jpg,cc0,1.0,https://creativecommons.org/publicdomain/zero/1.0/,ohrie
ss-n,eefda099-89d3-44cb-a519-a86a6925cbe7,A Grand View Through The Forest Drape,https://api.openverse.org/v1/images/eefda099-89d3-44cb-a519-a86a6925cbe7/thumb/,https://www.flickr.com/photos/31246066@N04/14020589026,https://live.staticflickr.com/2934/14020589026_4108223eb1_b.jpg,by,2.0,https://creativecommons.org/licenses/by/2.0/,Ian Sane
ss-n,1f8c628e-9642-4f7c-ade2-e9afdf314aa9,Palm Tree Forest,https://api.openverse.org/v1/images/1f8c628e-9642-4f7c-ade2-e9afdf314aa9/thumb/,https://www.flickr.com/photos/11234074@N05/9207173484,https://live.staticflickr.com/2844/9207173484_ce1c59a5b5_b.jpg,cc0,1.0,https://creativecommons.org/publicdomain/zero/1.0/,Philippe Vieux-Jeanton
ss-n,8146eb22-9c7d-4531-bd1c-ef95e937389b,"River, Forest and Clouds",https://api.openverse.org/v1/images/8146eb22-9c7d-4531-bd1c-ef95e937389b/thumb/,https://www.flickr.com/photos/22739832@N07/4280887099,https://live.staticflickr.com/2735/4280887099_433348b7d9_b.jpg,by,2.0,https://creativecommons.org/licenses/by/2.0/,tipiro
ss-n,98df0745-5da0-48a2-b895-1b13f6cbb5b6,Sunset at Kabini River,https://api.openverse.org/v1/images/98df0745-5da0-48a2-b895-1b13f6cbb5b6/thumb/,https://www.flickr.com/photos/44345361@N06/6797174532,https://live.staticflickr.com/7045/6797174532_b56b578863_b.jpg,by,2.0,https://creativecommons.org/licenses/by/2.0/,VinothChandar
ss-n,65b25c97-14a8-4231-8631-af4e7f7471b6,Vuoksa River,https://api.openverse.org/v1/images/65b25c97-14a8-4231-8631-af4e7f7471b6/thumb/,https://www.flickr.com/photos/50744999@N02/6119353870,https://live.staticflickr.com/6082/6119353870_8403784be4_b.jpg,by,2.0,https://creativecommons.org/licenses/by/2.0/,Tree Leaf Clover
ss-n,e983584b-7ee7-43fd-8d4b-8bf6487383d3,"Rocks and sea at Fjärdlång, Stockholm (Sweden)",https://api.openverse.org/v1/images/e983584b-7ee7-43fd-8d4b-8bf6487383d3/thumb/,https://www.flickr.com/photos/43830692@N04/16696376808,https://live.staticflickr.com/7620/16696376808_3fce1986d9_b.jpg,by,2.0,https://creativecommons.org/licenses/by/2.0/,Tommie Hansen
ss-n,10c30cc9-9526-4d84-bfe2-1998742d49ef,"North Umpqua Wild and Scenic River, Oregon",https://api.openverse.org/v1/images/10c30cc9-9526-4d84-bfe2-1998742d49ef/thumb/,https://www.flickr.com/photos/91981596@N06/36486780172,https://live.staticflickr.com/4331/36486780172_f50cb81832_b.jpg,by,2.0,https://creativecommons.org/licenses/by/2.0/,mypubliclands
ss-n,4fd8e67b-ffbf-4822-bd41-162d1615e433,"North Umpqua Wild and Scenic River, Oregon",https://api.openverse.org/v1/images/4fd8e67b-ffbf-4822-bd41-162d1615e433/thumb/,https://www.flickr.com/photos/91981596@N06/36486779412,https://live.staticflickr.com/4352/36486779412_5432bc84ce_b.jpg,by,2.0,https://creativecommons.org/licenses/by/2.0/,mypubliclands
ss-n,f2052fc6-7fb1-4fa6-929d-e0681b3845b3,"Hong island at Phang Nga bay, Thailand",https://api.openverse.org/v1/images/f2052fc6-7fb1-4fa6-929d-e0681b3845b3/thumb/,https://www.flickr.com/photos/124790945@N06/37765116892,https://live.staticflickr.com/4486/37765116892_f192bce50c_b.jpg,by,2.0,https://creativecommons.org/licenses/by/2.0/,Phuketian.S
ss-n,d7e07f13-5115-424d-9a75-e00a7e62531e,"Invaded sagebrush steppe -- Owyhee, Idaho",https://api.openverse.org/v1/images/d7e07f13-5115-424d-9a75-e00a7e62531e/thumb/,https://www.flickr.com/photos/135696473@N02/25086508732,https://live.staticflickr.com/1670/25086508732_09880f026f_b.jpg,by,2.0,https://creativecommons.org/licenses/by/2.0/,Ecological Society of America
ss-n,5138ab96-3165-4c80-b2b4-0420b1b51f6b,Southwest Wyoming sage-steppe habitat.,https://api.openverse.org/v1/images/5138ab96-3165-4c80-b2b4-0420b1b51f6b/thumb/,https://www.flickr.com/photos/51986662@N05/18967897995,https://live.staticflickr.com/380/18967897995_9d7e12f3d3_b.jpg,by,2.0,https://creativecommons.org/licenses/by/2.0/,USFWS Mountain Prairie
fx-a,a397f541-c9da-430f-b9a4-4ec9c08dc157,Steppe Eagle,https://api.openverse.org/v1/images/a397f541-c9da-430f-b9a4-4ec9c08dc157/thumb/,https://www.flickr.com/photos/25553993@N02/3563230711,https://live.staticflickr.com/3624/3563230711_03c6e1a0e4_b.jpg,by,2.0,https://creativecommons.org/licenses/by/2.0/,chapmankj75
fx-a,3d5b0091-6d7a-4592-abcd-b8924ecc7c67,Birds,https://api.openverse.org/v1/images/3d5b0091-6d7a-4592-abcd-b8924ecc7c67/thumb/,https://www.flickr.com/photos/12261156@N07/3179821423,https://live.staticflickr.com/3506/3179821423_30af59d2a7_b.jpg,by,2.0,https://creativecommons.org/licenses/by/2.0/,nola.agent
fx-a,d3a2d9fd-14c0-4120-b875-a210c80fa601,A bird in UCD campus,https://api.openverse.org/v1/images/d3a2d9fd-14c0-4120-b875-a210c80fa601/thumb/,https://www.flickr.com/photos/8259942@N04/525739466,https://live.staticflickr.com/224/525739466_c4c510624e_b.jpg,by,2.0,https://creativecommons.org/licenses/by/2.0/,asinensis
fx-a,14463e0e-cff5-4872-9085-7b8d9a251344,CAT,https://api.openverse.org/v1/images/14463e0e-cff5-4872-9085-7b8d9a251344/thumb/,https://www.flickr.com/photos/21644167@N04/8710251481,https://live.staticflickr.com/8417/8710251481_139d32a3a2_b.jpg,by,2.0,https://creativecommons.org/licenses/by/2.0/,Bahman Farzad
fx-a,3181740e-63f4-4a19-a30a-0f3b18bc3265,Cats in Milano,https://api.openverse.org/v1/images/3181740e-63f4-4a19-a30a-0f3b18bc3265/thumb/,https://www.flickr.com/photos/21394564@N04/4375598499,https://live.staticflickr.com/4049/4375598499_dcc0cec6a8_b.jpg,by,2.0,https://creativecommons.org/licenses/by/2.0/,br1dotcom
fx-a,89750efa-ece5-49a6-a44a-b730c984c966,Like Cats and Dogs,https://api.openverse.org/v1/images/89750efa-ece5-49a6-a44a-b730c984c966/thumb/,https://www.flickr.com/photos/36824782@N00/54934107,https://live.staticflickr.com/24/54934107_f8b37c3f06_b.jpg,by,2.0,https://creativecommons.org/licenses/by/2.0/,Qole Pejorian
fx-a,1d6516c5-0970-48e8-8c22-a0700ca4d7ed,dog cat,https://api.openverse.org/v1/images/1d6516c5-0970-48e8-8c22-a0700ca4d7ed/thumb/,https://www.flickr.com/photos/29278394@N00/1342680003,https://live.staticflickr.com/1342/1342680003_e85c0c76a3_b.jpg,by,2.0,https://creativecommons.org/licenses/by/2.0/,normanack
fx-a,ba404d66-3e10-432f-9d2a-bcaea4231259,Dogs,https://api.openverse.org/v1/images/ba404d66-3e10-432f-9d2a-bcaea4231259/thumb/,https://www.flickr.com/photos/29638108@N06/6951274017,https://live.staticflickr.com/7050/6951274017_7e0d720746_b.jpg,by,2.0,https://creativecommons.org/licenses/by/2.0/,www.metaphoricalplatypus.com
fx-a,04c22c8b-690a-4223-aa39-921cd3a4fbc2,Family Dog,https://api.openverse.org/v1/images/04c22c8b-690a-4223-aa39-921cd3a4fbc2/thumb/,https://www.flickr.com/photos/54602205@N00/6307525340,https://live.staticflickr.com/6019/6307525340_c45086c22c_b.jpg,by,2.0,https://creativecommons.org/licenses/by/2.0/,Richard Elzey
fx-a,a2311af9-7796-48fc-bfa7-c8bab2332bd2,"Dog, Bullmastiff - כלב, בול מאסטיף",https://api.openverse.org/v1/images/a2311af9-7796-48fc-bfa7-c8bab2332bd2/thumb/,https://www.flickr.com/photos/32611380@N06/5561573346,https://live.staticflickr.com/5262/5561573346_55f6837b0f_b.jpg,by,2.0,https://creativecommons.org/licenses/by/2.0/,Eran Finkle
fx-a,a90a52db-bce5-4e43-b26b-b0a7661cdc0b,Insect,https://api.openverse.org/v1/images/a90a52db-bce5-4e43-b26b-b0a7661cdc0b/thumb/,https://www.flickr.com/photos/39415470@N02/5912158465,https://live.staticflickr.com/6010/5912158465_08b1399a6b_b.jpg,by,2.0,https://creativecommons.org/licenses/by/2.0/,Gnilenkov Aleksey
fx-a,e3cde7dd-e68e-45af-bfd5-0b83f9e6d975,Insects and Flowers #1,https://api.openverse.org/v1/images/e3cde7dd-e68e-45af-bfd5-0b83f9e6d975/thumb/,https://www.flickr.com/photos/29057345@N04/4897458043,https://live.staticflickr.com/4140/4897458043_9de6a9c7cc_b.jpg,by,2.0,https://creativecommons.org/licenses/by/2.0/,It's No Game
fx-a,16601ee6-778f-49ea-a742-d765690ac299,Euglossa dilemma (Green Orchid Bee),https://api.openverse.org/v1/images/16601ee6-778f-49ea-a742-d765690ac299/thumb/,https://www.flickr.com/photos/50152666@N02/10288215245,https://live.staticflickr.com/5530/10288215245_72d2d8f4d5_b.jpg,by,2.0,https://creativecommons.org/licenses/by/2.0/,bob in swamp
fx-a,f2255f83-a3c6-41f8-99fe-6adf7dd28258,"Sheep in the field near the church walk, Baddesley Clinton",https://api.openverse.org/v1/images/f2255f83-a3c6-41f8-99fe-6adf7dd28258/thumb/,https://www.flickr.com/photos/39415781@N06/4518991226,https://live.staticflickr.com/2750/4518991226_b790702469_b.jpg,by,2.0,https://creativecommons.org/licenses/by/2.0/,ell brown
fx-a,f55ba2a6-0a2d-4fcd-a60e-c10a77f2c49b,Sheep walking by the Whistling Straits Restaurant,https://api.openverse.org/v1/images/f55ba2a6-0a2d-4fcd-a60e-c10a77f2c49b/thumb/,https://www.flickr.com/photos/71018547@N00/2891793965,https://live.staticflickr.com/3105/2891793965_97b2bec186_b.jpg,by,2.0,https://creativecommons.org/licenses/by/2.0/,danperry.com
fx-a,cc753dfd-1345-44aa-8e69-ed4d0b03e8b9,"How now, brown cow? My Saturday walk companion. #surreal42 #cattle #rural #animal #horns #hdr",https://api.openverse.org/v1/images/cc753dfd-1345-44aa-8e69-ed4d0b03e8b9/thumb/,https://www.flickr.com/photos/70098060@N00/16627283369,https://live.staticflickr.com/8611/16627283369_01495ffc28.jpg,by,2.0,https://creativecommons.org/licenses/by/2.0/,jez.atkinson
fx-a,20b046c6-8067-4ac1-8125-9ea2d994fbd5,Walking boxer,https://api.openverse.org/v1/images/20b046c6-8067-4ac1-8125-9ea2d994fbd5/thumb/,https://www.flickr.com/photos/46944516@N00/159822294,https://live.staticflickr.com/55/159822294_88e13f4e6b_b.jpg,by,2.0,https://creativecommons.org/licenses/by/2.0/,pedrosimoes7
fx-a,6330fbf4-808d-464b-8979-498d13e18666,A Walk on the wild side !,https://api.openverse.org/v1/images/6330fbf4-808d-464b-8979-498d13e18666/thumb/,https://www.flickr.com/photos/51614258@N00/15483129627,https://live.staticflickr.com/7565/15483129627_9a81fe0f9f_b.jpg,by,2.0,https://creativecommons.org/licenses/by/2.0/,Mara 1
fx-m,a6fe852d-b358-4051-a639-4792c1fa1dfe,Tree Cutting after Cyclone Fani by two persons,https://api.openverse.org/v1/images/a6fe852d-b358-4051-a639-4792c1fa1dfe/thumb/,https://commons.wikimedia.org/w/index.php?curid=78805764,https://upload.wikimedia.org/wikipedia/commons/f/f1/Tree_Cutting_after_Cyclone_Fani_by_two_persons.jpg,by,4.0,https://creativecommons.org/licenses/by/4.0/,Naveen Patnaik
fx-m,92a1d648-25b2-489b-96a0-eae529b01409,Woodcutter cutting tree autumn,https://api.openverse.org/v1/images/92a1d648-25b2-489b-96a0-eae529b01409/thumb/,https://www.rawpixel.com/image/593195/autumn-scene,https://images.rawpixel.com/editor_1024/czNmcy1wcml2YXRlL3Jhd3BpeGVsX2ltYWdlcy93ZWJzaXRlX2NvbnRlbnQvbHIvYTAxMC1tYXJrdXNzcGlza2UtZmViMTktbXNwXzE5MDJfNDc2Ny5qcGc.jpg,cc0,1.0,https://creativecommons.org/publicdomain/zero/1.0/,Markus Spiske
fx-o,5c3b9ce9-5dbb-484b-a0ef-582830f99b73,handy man,https://api.openverse.org/v1/images/5c3b9ce9-5dbb-484b-a0ef-582830f99b73/thumb/,https://www.flickr.com/photos/23307937@N04/3799184768,https://live.staticflickr.com/3432/3799184768_10bdd8d7fb_b.jpg,by,2.0,https://creativecommons.org/licenses/by/2.0/,frankieleon
is-k,77b29037-d0da-4ad3-ac7e-b83a07889f2c,A VERY HANDY MAN,https://api.openverse.org/v1/images/77b29037-d0da-4ad3-ac7e-b83a07889f2c/thumb/,https://www.flickr.com/photos/99646269@N00/14178396114,https://live.staticflickr.com/5554/14178396114_473d853983_b.jpg,by,2.0,https://creativecommons.org/licenses/by/2.0/,Treforlutions TreVizionz
fx-m,9e4bf3ad-d2a7-4d18-8d9f-48fa8952c329,Drill,https://api.openverse.org/v1/images/9e4bf3ad-d2a7-4d18-8d9f-48fa8952c329/thumb/,https://www.flickr.com/photos/39747297@N05/5229733311,https://live.staticflickr.com/5289/5229733311_2d95b29252_b.jpg,by,2.0,https://creativecommons.org/licenses/by/2.0/,Samuel M. Livingston
fx-m,653a8031-53f9-479b-abde-e7d225e94788,"The side of William Powell & Sons, Carrs Lane - drill (Travelodge Carrs Lane site)",https://api.openverse.org/v1/images/653a8031-53f9-479b-abde-e7d225e94788/thumb/,https://www.flickr.com/photos/39415781@N06/5152092900,https://live.staticflickr.com/1385/5152092900_599865b650_b.jpg,by,2.0,https://creativecommons.org/licenses/by/2.0/,ell brown
fx-n,d2f3a7aa-4cbb-41c7-a68b-d1695d790c31,Windy,https://api.openverse.org/v1/images/d2f3a7aa-4cbb-41c7-a68b-d1695d790c31/thumb/,https://www.flickr.com/photos/69294818@N07/13503958245,https://live.staticflickr.com/2856/13503958245_5b66dc6216_b.jpg,by,2.0,https://creativecommons.org/licenses/by/2.0/,Joe Dyer
fx-n,39aaf0b6-a239-4373-b5d7-4224dba2c2cc,Falling Water,https://api.openverse.org/v1/images/39aaf0b6-a239-4373-b5d7-4224dba2c2cc/thumb/,https://www.flickr.com/photos/61369252@N00/335640243,https://live.staticflickr.com/147/335640243_8d78d020e1_b.jpg,by,2.0,https://creativecommons.org/licenses/by/2.0/,>WouteR<
fx-n,a6a5eb1b-0276-4822-afa4-5212c1dfd6ca,Water falling.,https://api.openverse.org/v1/images/a6a5eb1b-0276-4822-afa4-5212c1dfd6ca/thumb/,https://www.flickr.com/photos/107922203@N04/31037752682,https://live.staticflickr.com/5340/31037752682_1b36331c69_b.jpg,by,2.0,https://creativecommons.org/licenses/by/2.0/,Simon Matzinger
fx-n,e9fe8f12-ee95-43d9-a8f5-42eda71e7877,Explosion,https://api.openverse.org/v1/images/e9fe8f12-ee95-43d9-a8f5-42eda71e7877/thumb/,https://www.flickr.com/photos/29105521@N02/7999746744,https://live.staticflickr.com/8453/7999746744_07677bc9f7_b.jpg,by,2.0,https://creativecommons.org/licenses/by/2.0/,Freidwall
fx-n,9f3d14b4-1c09-4b0a-8fd0-095c45899072,explosion,https://api.openverse.org/v1/images/9f3d14b4-1c09-4b0a-8fd0-095c45899072/thumb/,https://www.flickr.com/photos/22994175@N03/2271579910,https://live.staticflickr.com/2095/2271579910_6524eb9598.jpg,by,2.0,https://creativecommons.org/licenses/by/2.0/,asecondhandconjecture
fx-n,ac8bff02-e38b-427f-b5e6-f8bf9c0695fe,explosion with Fried chicken,https://api.openverse.org/v1/images/ac8bff02-e38b-427f-b5e6-f8bf9c0695fe/thumb/,https://www.flickr.com/photos/87284921@N00/16435951191,https://live.staticflickr.com/7293/16435951191_1316fc44a0.jpg,by-nc-nd,2.0,https://creativecommons.org/licenses/by-nc-nd/2.0/,HAMACHI!
fx-n,363d04d1-13f7-4189-b65d-bcfeef2d94e5,Special effects - explosion,https://api.openverse.org/v1/images/363d04d1-13f7-4189-b65d-bcfeef2d94e5/thumb/,https://www.flickr.com/photos/82776580@N00/1162569845,https://live.staticflickr.com/1265/1162569845_7dbcfb5f19.jpg,by,2.0,https://creativecommons.org/licenses/by/2.0/,fergie_lancealot
fx-n,822dc603-a84e-4a0d-9102-5f5b5a3bee99,Silver Comet Tails Lattice Work Firework Effect - Epic Fireworks,https://api.openverse.org/v1/images/822dc603-a84e-4a0d-9102-5f5b5a3bee99/thumb/,https://www.flickr.com/photos/30048753@N05/3490855152,https://live.staticflickr.com/3537/3490855152_b6a040034a_b.jpg,by,2.0,https://creativecommons.org/licenses/by/2.0/,EpicFireworks
fx-el,cf578554-8820-4293-9f5f-ea8ba9ac79ed,Animation Maya and Arnold,https://api.openverse.org/v1/images/cf578554-8820-4293-9f5f-ea8ba9ac79ed/thumb/,https://commons.wikimedia.org/w/index.php?curid=83879625,https://upload.wikimedia.org/wikipedia/commons/8/8e/Animation_Maya_and_Arnold.gif,cc0,1.0,https://creativecommons.org/publicdomain/zero/1.0/deed.en,Artistosteles
fx-el,5dbf09f0-9315-452d-a65a-39761ba4fc81,Futurama Planet Express Space Ship - MAYA Animation Model 0131,https://api.openverse.org/v1/images/5dbf09f0-9315-452d-a65a-39761ba4fc81/thumb/,https://www.flickr.com/photos/93779577@N00/8586791096,https://live.staticflickr.com/8243/8586791096_248d889016_b.jpg,by-nc-nd,2.0,https://creativecommons.org/licenses/by-nc-nd/2.0/,Brechtbug
fx-el,f34fb19a-fa52-43df-8580-ff4fc9236e4c,rejected,https://api.openverse.org/v1/images/f34fb19a-fa52-43df-8580-ff4fc9236e4c/thumb/,https://www.flickr.com/photos/18090920@N07/4495072850,https://live.staticflickr.com/2684/4495072850_c156bcf1b4.jpg,by,2.0,https://creativecommons.org/licenses/by/2.0/,Sean MacEntee
fx-el,5d712993-bd24-4934-90c1-2b76413e3a28,whatsapp-notifications,https://api.openverse.org/v1/images/5d712993-bd24-4934-90c1-2b76413e3a28/thumb/,https://www.flickr.com/photos/128776630@N02/16467284449,https://live.staticflickr.com/8635/16467284449_3a51fa185e.jpg,by,2.0,https://creativecommons.org/licenses/by/2.0/,downloadsource.fr
fx-el,5d2ddc83-a308-4c84-b639-c667bf5767d7,Initializing Notification on Printer Screen,https://api.openverse.org/v1/images/5d2ddc83-a308-4c84-b639-c667bf5767d7/thumb/,https://www.flickr.com/photos/186820283@N05/49501485302,https://live.staticflickr.com/65535/49501485302_68209d9bc4_b.jpg,by,2.0,https://creativecommons.org/licenses/by/2.0/,cartridgesaveimages
fx-el,0e104492-06e7-40d2-97b2-e5df55a32209,White smartphone - Credit to https://homegets.com/,https://api.openverse.org/v1/images/0e104492-06e7-40d2-97b2-e5df55a32209/thumb/,https://www.flickr.com/photos/141436406@N04/49734415127,https://live.staticflickr.com/65535/49734415127_1aebe5208f_b.jpg,by,2.0,https://creativecommons.org/licenses/by/2.0/,homegets.com
fx-el,c7d24828-9a45-4745-a203-1da7f21e9677,SMS text alerts,https://api.openverse.org/v1/images/c7d24828-9a45-4745-a203-1da7f21e9677/thumb/,https://www.flickr.com/photos/30386789@N05/3404760269,https://live.staticflickr.com/3647/3404760269_8ea36cab6c.jpg,by,2.0,https://creativecommons.org/licenses/by/2.0/,sffoghorn
fx-el,d372ae3f-54ef-4099-9f88-8b920e4368b5,GGS SMS,https://api.openverse.org/v1/images/d372ae3f-54ef-4099-9f88-8b920e4368b5/thumb/,https://www.flickr.com/photos/76029069@N00/4459872700,https://live.staticflickr.com/2764/4459872700_cc2db3bf24_b.jpg,by,2.0,https://creativecommons.org/licenses/by/2.0/,lirneasia
fx-el,c41fbef7-9d57-449d-975c-62f9c9200dbf,Work email - Dominique Davis for Disabled And Here,https://api.openverse.org/v1/images/c41fbef7-9d57-449d-975c-62f9c9200dbf/thumb/,https://commons.wikimedia.org/w/index.php?curid=112516456,https://upload.wikimedia.org/wikipedia/commons/0/05/Work_email_-_Dominique_Davis_for_Disabled_And_Here.jpg,by,4.0,https://creativecommons.org/licenses/by/4.0/,Dominique Davis for Disabled And Here
fx-el,0ff475b0-4f1d-4145-9a5c-d2df058c44d5,146/365 - Tick Tock Blackberry,https://api.openverse.org/v1/images/0ff475b0-4f1d-4145-9a5c-d2df058c44d5/thumb/,https://www.flickr.com/photos/24616128@N00/4905640224,https://live.staticflickr.com/4143/4905640224_e171bcf96c_b.jpg,by,2.0,https://creativecommons.org/licenses/by/2.0/,Loimere
fx-el,ce897b94-f7be-4654-a221-486b95c3a5f5,"Oof, mailbox crash (but I fixed it). Almost time to get a new computah. ps: 145k emails :(",https://api.openverse.org/v1/images/ce897b94-f7be-4654-a221-486b95c3a5f5/thumb/,https://www.flickr.com/photos/77725780@N00/4331861907,https://live.staticflickr.com/4004/4331861907_77f6e38502.jpg,by,2.0,https://creativecommons.org/licenses/by/2.0/,dpstyles™
fx-el,2f91539f-4b94-460c-b213-4a3307cb575e,Whiptail - Progress Bar,https://api.openverse.org/v1/images/2f91539f-4b94-460c-b213-4a3307cb575e/thumb/,https://www.flickr.com/photos/91795203@N02/15829923031,https://live.staticflickr.com/7513/15829923031_e1243a287e.jpg,by,2.0,https://creativecommons.org/licenses/by/2.0/,xmodulo
fx-el,d509ac1e-a8ed-4be4-9bcf-f844bb1eb2d1,Progress bar in stereo,https://api.openverse.org/v1/images/d509ac1e-a8ed-4be4-9bcf-f844bb1eb2d1/thumb/,https://www.flickr.com/photos/79101044@N00/411408934,https://live.staticflickr.com/174/411408934_f79a02ac74_b.jpg,by,2.0,https://creativecommons.org/licenses/by/2.0/,newchaos
fx-el,279ed3a7-575b-4dd5-ba6d-4a5b67aed310,IMG_0424 cable modem,https://api.openverse.org/v1/images/279ed3a7-575b-4dd5-ba6d-4a5b67aed310/thumb/,https://www.flickr.com/photos/23401759@N00/3502785071,https://live.staticflickr.com/3401/3502785071_0342489cef_b.jpg,by,2.0,https://creativecommons.org/licenses/by/2.0/,kainr
fx-el,210c4265-15c9-45c1-a416-962df8fa4d8b,File:Wikimedia community logo 3D animated 1080x1080 px.gif,https://api.openverse.org/v1/images/210c4265-15c9-45c1-a416-962df8fa4d8b/thumb/,https://commons.wikimedia.org/w/index.php?curid=77923781,https://upload.wikimedia.org/wikipedia/commons/5/5d/Wikimedia_community_logo_3D_animated_1080x1080_px.gif,cc0,1.0,https://creativecommons.org/publicdomain/zero/1.0/deed.en,Smial (talk)
fx-el,a9c7f8f1-5726-490f-b457-c98ffac0f6ae,Butterfly catastrophe animation gif,https://api.openverse.org/v1/images/a9c7f8f1-5726-490f-b457-c98ffac0f6ae/thumb/,https://commons.wikimedia.org/w/index.php?curid=127394129,https://upload.wikimedia.org/wikipedia/commons/7/72/Butterfly_catastrophe_animation_gif.gif,cc0,1.0,https://creativecommons.org/publicdomain/zero/1.0/deed.en/,Cosmia Nebula
