ID,Class,Group,Level,FileNameModified
189247,m-sp,3,E,Darj Rhythm
217573,m-sp,2,E,Percussion Loop 1
106383,m-sp,3,D,8 bar 165
529278,m-sp,4,D,Audio 3Patt 11 100 bpm03
434301,m-si,1,E,Guitar Chords
501300,is-p,1,E,Toy Xylophone
254085,m-m,2,D,Sample Vocal 2
416778,m-si,4,D,Happy sandbox
321029,m-m,2,E,Loop_Hard_Working_Alien_04
640468,m-m,3,E,Piano Improvisation + Violin Cover
431907,m-m,4,E,Piano/Synth & Drums - (90bpm)
411997,m-m,1,D,Creepy Ambient (107 bpm)
628139,is-p,2,E,2596 3-VIETGONG-SW-TMc 15 D#-1
270156,is-p,1,E,04c_Snare_Smooth_Cymbals_&_Snares
375703,is-p,3,D,Maraca (maraca2)
597593,is-p,1,D,SMG_Sound_Drum_Hat_0074157467
13701,is-s,1,E,E acoustic guitar
641703,is-s,2,E,Violin single note swell
358167,is-s,4,D,Cello - D#4 - bad-richness
11905,is-s,1,D,vp795_open_e_low_E
212984,is-w,3,E,E2-1 VGTrumpet
356741,is-w,2,E,Clarinet - E3
374165,is-w,4,E,Trumpet - vibrato sustain - A5 (Sum_SHTrumpet_susvib_A4_v1_rr1)
521853,is-w,4,D,Diatonic Harmonica note D
608983,is-k,3,E,A note piano
333851,is-k,4,D,g4 accordeon
467289,is-k,2,D,Dissonant Piano Stinger
668344,is-p,1,D,Marimba
579724,is-e,4,E,Synth
26419,is-e,2,D,fm7 bell
524529,is-e,3,D,Piano112
656968,is-e,3,D,Keysynth
637070,sp-s,3,E,Surprised Child Voice Sound
443677,sp-s,3,E,peluquero 2
22381,sp-s,2,D,20060825 lottery tickets peddling
155367,sp-s,1,D,Factory Baked cookies message
389993,sp-c,4,E,distant conversation- dance studio
360703,sp-c,3,E,Large_crowd_medium_distance_stereo
173314,sp-c,1,D,TRAIN_VOICE
477841,sp-c,2,D,Rhine Bar Switzerland
378220,sp-p,4,E,Futuristic Voice - Warning To Evacuate
460152,sp-p,1,E,European Pile Up - PART I: 02
503531,sp-p,2,D,funny
4060,sp-p,4,D,kidney3
449336,fx-o,1,E,Tools-Razor_Blade-In-04
485743,fx-o,2,E,Coin Spin - 6
30477,fx-o,3,D,Cup Hit With Pen 2
218199,fx-o,1,D,Operate a  washing machine
83486,fx-v,2,E,Motorcycle2
512559,fx-v,1,E,car-break-sound-effect
233465,fx-v,2,D,Car by Med Smart Car Don
467422,fx-v,3,D,Bicycle gear
408041,fx-m,3,E,Key Cutting Machine
170248,fx-m,1,E,Main Engine
474866,fx-m,4,D,Long Saw
212967,fx-m,4,D,Drilling Bursts
554907,fx-h,1,E,Male_Breath_Fast_Loop_Stereo
445604,fx-h,4,E,Sneeze
418897,fx-h,1,D,Applause
318900,fx-h,4,D,05934 heels walking on pavement - looping
213889,fx-a,4,E,The cat's meow
83928,fx-a,3,E,CloseCricket
541223,fx-a,2,D,Chirping Hummingbird
618865,fx-a,2,D,sheep sound
425022,fx-n,1,E,Stone_Calcit_DeadSea_Avalance_foot #7-182
156031,fx-n,4,E,Explosion
624089,fx-n,3,D,Stream in a forest 2
4211,fx-n,4,D,fire.crackling
360645,fx-el,3,E,Tjapper-BirdFx 104
537884,fx-ex,2,D,Cool Bell Effect_St
625803,fx-el,2,E,LAZER3
495989,fx-el,1,D,Wave_nr_1
220516,fx-ex,3,D,strum _gun shot_
417129,fx-ex,1,D,skipping / glitch / tape 1
560572,fx-ex,3,D,xHuman1 modified
537908,fx-ex,3,D,Whirlpool Suck Reversed
140867,fx-el,2,E,Boing
494981,fx-el,4,E,Risers - Horror Whooshes Tension Builder 1
567207,fx-el,4,D,Message Ringtone
540568,fx-el,2,D,UI Pop Up
543845,ss-n,4,E,Birds in Montreal
250276,ss-n,4,E,140916 Jungle Amb evening Chiangmai_Thailand.
405134,ss-n,1,D,Autumn forest - leaves falling close to pond II (loopable)
516639,ss-n,3,D,Walking in the park
150186,ss-i,4,E,SR006F supermarket
87526,ss-i,3,E,20100110.kitchen
203304,ss-i,2,D,Room Tone Office 12
579569,ss-i,2,D,Office ambience - ShareSpace 2
254225,ss-u,3,E,"Street in a calm small town in the 1990s, cars passing"
536172,ss-u,1,E,Police Siren and Sounds of City Train
22041,ss-u,1,D,brommer - neighbours leaving
629576,ss-u,2,D,Stereo sound of a park 3
50809,ss-s,3,E,archi_ambience_doom1
234513,ss-s,1,D,Horror_Ambience_Atmos-06
79455,ss-s,4,D,LAYERS 007 - Overtone Forest - A6
577936,ss-s,2,D,Witch forest Atmo
